loss,accuracy,val_loss,val_accuracy
1.9506717920303345,0.20000000298023224,2.0256309509277344,0.0
1.9358298778533936,0.20000000298023224,3.8576500415802,0.0
2.9875521659851074,0.20000000298023224,1.9999080896377563,0.0
1.9302189350128174,0.20000000298023224,1.9473916292190552,0.0
1.9442603588104248,0.20000000298023224,1.9475442171096802,0.0
